timestamp,P1,P2,year,month
2022-03-01 00:11:49,1.3285714285716141,0.48469387755025484,2022,3
2022-03-01 00:39:57,1.338775510204267,0.48551020408086704,2022,3
2022-03-01 01:08:05,1.2775510204083487,0.4746938775502549,2022,3
2022-03-01 01:36:15,1.2653061224491653,0.4728571428563773,2022,3
2022-03-01 02:04:26,1.2469387755103898,0.4687755102033161,2022,3
2022-03-01 02:32:59,1.197959183673655,0.45816326530535695,2022,3
2022-03-01 03:01:07,1.1795918367348794,0.44857142857066307,2022,3
2022-03-01 03:29:23,1.155102040816512,0.44346938775433653,2022,3
2022-03-01 03:57:33,1.155102040816512,0.4542857142849488,2022,3
2022-03-01 04:25:58,1.1571428571430427,0.4565306122441325,2022,3
2022-03-01 04:54:08,1.1673469387756956,0.46938775510127534,2022,3
2022-03-01 05:22:18,1.18163265306141,0.48591836734617333,2022,3
2022-03-01 05:50:26,1.191836734694063,0.5036734693869896,2022,3
2022-03-01 06:18:42,1.2081632653063081,0.5228571428563774,2022,3
2022-03-01 06:46:52,1.2836734693879408,0.5622448979584183,2022,3
2022-03-01 07:15:03,1.3367346938777367,0.6010204081624999,2022,3
2022-03-01 07:43:23,1.418367346938961,0.6363265306114795,2022,3
2022-03-01 08:11:34,1.4714285714287572,0.6640816326522957,2022,3
2022-03-01 08:39:46,1.540816326530798,0.7032653061216834,2022,3
2022-03-01 09:07:59,1.6000000000001855,0.7426530612237242,2022,3
2022-03-01 09:36:09,1.6795918367348794,0.7699999999992343,2022,3
2022-03-01 10:33:16,1.7645833333335228,0.8131249999992183,2022,3
2022-03-01 11:01:40,1.7437500000001895,0.8345833333325516,2022,3
2022-03-01 11:29:49,1.783333333333523,0.8499999999992184,2022,3
2022-03-01 11:58:06,1.8163265306124308,0.8663265306114791,2022,3
2022-03-01 12:26:41,1.800000000000186,0.8848979591829078,2022,3
2022-03-01 12:55:17,1.7653061224491655,0.9138775510196424,2022,3
2022-03-01 13:23:45,1.760000000000182,0.9157999999992495,2022,3
2022-03-01 14:20:36,1.826530612245084,0.952653061223724,2022,3
2022-03-01 14:48:47,1.8489795918369205,0.9702040816318872,2022,3
2022-03-01 15:17:02,1.8877551020410022,0.9999999999992342,2022,3
2022-03-01 15:45:14,1.9122448979593696,1.0216326530604587,2022,3
2022-03-01 16:13:22,1.9510204081634515,1.039795918366581,2022,3
2022-03-01 16:41:36,1.9551020408165127,1.045918367346173,2022,3
2022-03-01 17:09:54,1.973469387755288,1.0548979591829077,2022,3
2022-03-01 17:38:02,1.983673469387941,1.0599999999992342,2022,3
2022-03-01 18:06:11,2.01224489795937,1.0806122448971935,2022,3
2022-03-01 18:34:20,2.0408163265307984,1.099183673468622,2022,3
2022-03-01 19:02:29,2.032653061224676,1.1075510204073975,2022,3
2022-03-01 19:30:39,2.0510204081634513,1.1206122448971936,2022,3
2022-03-01 19:58:47,2.0693877551022273,1.1408163265298465,2022,3
2022-03-01 20:26:57,2.1204081632654925,1.1712244897951527,2022,3
2022-03-01 20:55:05,2.1204081632654925,1.1908163265298466,2022,3
2022-03-01 21:23:16,2.14693877551039,1.2126530612237243,2022,3
2022-03-01 21:51:25,2.1693877551022274,1.2330612244890302,2022,3
2022-03-01 22:19:35,2.195918367347125,1.2540816326522957,2022,3
2022-03-01 22:47:45,2.2285714285716147,1.2765306122441324,2022,3
2022-03-01 23:16:25,2.2714285714287574,1.3077551020400506,2022,3
2022-03-01 23:44:37,2.2877551020410025,1.3244897959176019,2022,3
2022-03-02 00:12:51,2.293877551020594,1.3326530612237244,2022,3
2022-03-02 00:41:00,2.293877551020594,1.3353061224482141,2022,3
2022-03-02 01:09:09,2.293877551020594,1.33571428571352,2022,3
2022-03-02 01:37:19,2.3122448979593697,1.3383673469380102,2022,3
2022-03-02 02:05:31,2.285714285714471,1.3418367346931122,2022,3
2022-03-02 02:33:40,2.3142857142859,1.3526530612237244,2022,3
2022-03-02 03:02:14,2.3367346938777365,1.3693877551012754,2022,3
2022-03-02 03:30:25,2.400000000000186,1.387755102040051,2022,3
2022-03-02 03:58:47,2.367346938775696,1.411428571427806,2022,3
2022-03-02 04:26:59,2.3857142857144713,1.4297959183665814,2022,3
2022-03-02 04:55:09,2.428571428571614,1.4504081632645403,2022,3
2022-03-02 05:23:19,2.477551020408349,1.4802040816318875,2022,3
2022-03-02 05:51:29,2.5448979591838587,1.5169387755094388,2022,3
2022-03-02 06:19:59,2.575510204081818,1.5504081632645408,2022,3
2022-03-02 06:48:11,2.624489795918553,1.5783673469380102,2022,3
2022-03-02 07:16:21,2.738775510204267,1.6504081632645409,2022,3
2022-03-02 07:44:42,2.9836734693879405,1.7210204081625,2022,3
2022-03-02 08:12:57,3.2551020408165114,1.8444897959176019,2022,3
2022-03-02 08:41:09,3.526530612245083,1.937142857142092,2022,3
2022-03-02 09:09:46,3.65102040816345,2.001632653060459,2022,3
2022-03-02 09:38:11,3.7469387755103885,2.081224489795153,2022,3
2022-03-02 10:06:22,3.9400000000001807,2.15839999999925,2022,3
2022-03-02 11:03:17,4.044897959183857,2.237755102040051,2022,3
2022-03-02 11:31:43,4.136734693877735,2.3053061224482145,2022,3
2022-03-02 12:00:26,4.238775510204266,2.3714285714278063,2022,3
2022-03-02 12:29:07,4.297959183673654,2.4195918367339284,2022,3
2022-03-02 12:57:46,4.383673469387939,2.4589795918359694,2022,3
2022-03-02 13:54:35,4.471428571428755,2.507959183672704,2022,3
2022-03-02 14:22:41,4.5428571428573274,2.5522448979584182,2022,3
2022-03-02 14:50:53,4.742857142857328,2.6916326530604593,2022,3
2022-03-02 15:19:24,4.8551020408165115,2.753265306121684,2022,3
2022-03-02 15:48:00,4.963265306122634,2.8295918367339286,2022,3
2022-03-02 16:16:35,5.089795918367532,2.9120408163257654,2022,3
2022-03-02 16:45:06,5.191836734694062,2.9885714285706633,2022,3
2022-03-02 17:13:32,5.363265306122634,3.091428571427806,2022,3
2022-03-02 17:42:01,5.469387755102226,3.1769387755094387,2022,3
2022-03-02 18:10:14,5.528571428571615,3.225510204080867,2022,3
2022-03-02 18:38:28,5.640816326530799,3.2914285714278058,2022,3
2022-03-02 19:06:53,5.7061224489797775,3.351428571427806,2022,3
2022-03-02 19:35:02,5.81224489795937,3.4220408163257647,2022,3
2022-03-02 20:03:27,5.9653061224491655,3.5016326530604585,2022,3
2022-03-02 20:31:37,6.071428571428757,3.5695918367339274,2022,3
2022-03-02 20:59:48,6.287755102041002,3.669387755101275,2022,3
2022-03-02 21:27:56,6.389795918367533,3.7340816326522948,2022,3
2022-03-02 21:56:07,6.485714285714472,3.806734693876785,2022,3
2022-03-02 22:24:51,6.604081632653249,3.8859183673461724,2022,3
2022-03-02 22:53:09,6.797959183673656,3.9840816326522948,2022,3
2022-03-02 23:21:19,7.014285714285901,4.063877551019642,2022,3
2022-03-02 23:49:32,7.224489795918554,4.139591836733929,2022,3
2022-03-03 00:17:43,7.5000000000001865,4.29836734693801,2022,3
2022-03-03 00:45:54,7.6653061224491665,4.422653061223723,2022,3
2022-03-03 01:14:04,8.036734693877738,4.593469387754335,2022,3
2022-03-03 01:42:15,8.148979591836921,4.70040816326454,2022,3
2022-03-03 02:10:39,8.338775510204268,4.810204081631888,2022,3
2022-03-03 02:38:51,8.589795918367534,4.9304081632645405,2022,3
2022-03-03 03:07:17,8.857142857143042,5.089183673468622,2022,3
2022-03-03 03:35:37,9.179591836734879,5.302244897958418,2022,3
2022-03-03 04:03:48,9.369387755102226,5.425918367346173,2022,3
2022-03-03 04:31:58,9.700000000000184,5.597142857142092,2022,3
2022-03-03 05:00:10,9.9142857142859,5.699795918366582,2022,3
2022-03-03 05:28:24,10.224489795918553,5.859999999999234,2022,3
2022-03-03 05:56:35,10.402040816326714,5.950204081631887,2022,3
2022-03-03 06:25:11,10.697959183673653,6.111632653060458,2022,3
2022-03-03 06:53:28,10.908163265306309,6.238979591835967,2022,3
2022-03-03 07:50:30,10.88750000000019,6.312708333332551,2022,3
2022-03-03 08:18:41,10.88750000000019,6.322291666665884,2022,3
2022-03-03 08:46:54,10.80625000000019,6.316249999999218,2022,3
2022-03-03 09:15:28,10.820833333333525,6.3468749999992164,2022,3
2022-03-03 09:44:19,10.808333333333524,6.330624999999216,2022,3
2022-03-03 10:12:58,10.710416666666859,6.306666666665883,2022,3
2022-03-03 11:10:01,10.739583333333526,6.291874999999217,2022,3
2022-03-03 11:38:06,10.70416666666686,6.271874999999217,2022,3
2022-03-03 12:06:20,10.58541666666686,6.207083333332551,2022,3
2022-03-03 13:03:43,10.582978723404453,6.19936170212686,2022,3
2022-03-03 13:31:53,10.383333333333526,6.082708333332551,2022,3
2022-03-03 14:29:02,10.370212765957644,6.070851063828988,2022,3
2022-03-03 14:57:11,10.140425531915092,5.910638297871541,2022,3
2022-03-03 15:25:20,9.97659574468105,5.812340425531116,2022,3
2022-03-03 15:53:35,9.83191489361722,5.710638297871542,2022,3
2022-03-03 16:21:46,9.659574468085307,5.60276595744601,2022,3
2022-03-03 16:49:56,9.546808510638497,5.516170212765159,2022,3
2022-03-03 17:18:02,9.359574468085306,5.405744680850265,2022,3
2022-03-03 17:46:12,9.229787234042751,5.3053191489353715,2022,3
2022-03-03 18:14:21,9.136170212766155,5.233404255318351,2022,3
2022-03-03 18:42:28,9.014893617021475,5.1568085106375,2022,3
2022-03-03 19:10:36,8.951063829787433,5.100212765956649,2022,3
2022-03-03 19:38:43,8.834042553191688,5.026382978722606,2022,3
2022-03-03 20:06:51,8.689361702127858,4.963829787233244,2022,3
2022-03-03 20:35:02,8.551063829787433,4.890638297871543,2022,3
2022-03-03 21:03:21,8.289361702127858,4.7617021276587765,2022,3
2022-03-03 21:31:32,8.159574468085303,4.671276595743882,2022,3
2022-03-03 21:59:44,8.034042553191686,4.5721276595736695,2022,3
2022-03-03 22:27:55,7.8829787234044515,4.467021276594946,2022,3
2022-03-03 22:56:04,7.648936170212962,4.3402127659566485,2022,3
2022-03-03 23:24:10,7.372340425532111,4.223617021275797,2022,3
2022-03-03 23:52:24,7.125531914893813,4.11872340425452,2022,3
2022-03-04 00:20:33,6.814893617021472,3.9370212765949457,2022,3
2022-03-04 00:48:44,6.602127659574663,3.779574468084308,2022,3
2022-03-04 01:16:54,6.187234042553387,3.576595744680053,2022,3
2022-03-04 01:45:04,5.997872340425726,3.4334042553183504,2022,3
2022-03-04 02:13:39,5.7617021276597695,3.285957446807712,2022,3
2022-03-04 02:41:58,5.457446808510833,3.1346808510630306,2022,3
2022-03-04 03:10:09,5.146808510638492,2.9344680851055838,2022,3
2022-03-04 03:38:25,4.734042553191685,2.679787234041754,2022,3
2022-03-04 04:06:35,4.4872340425533865,2.5014893617013287,2022,3
2022-03-04 04:34:47,4.100000000000196,2.289999999999201,2022,3
2022-03-04 05:02:56,3.812765957447004,2.1419148936162227,2022,3
2022-03-04 05:31:07,3.423404255319345,1.9259574468077116,2022,3
2022-03-04 05:59:16,3.144680851064025,1.770425531914095,2022,3
2022-03-04 06:27:26,2.76170212765977,1.550212765956648,2022,3
2022-03-04 06:55:35,2.4021276595746635,1.3382978723396266,2022,3
2022-03-04 07:23:44,2.360416666666858,1.3114583333325511,2022,3
2022-03-04 07:51:55,2.097916666666858,1.140833333332551,2022,3
2022-03-04 08:20:06,1.779166666666858,0.9856249999992177,2022,3
2022-03-04 08:48:30,1.5125000000001914,0.8599999999992177,2022,3
2022-03-04 09:16:45,1.3520833333335247,0.7356249999992177,2022,3
2022-03-04 09:45:00,1.172916666666858,0.6347916666658844,2022,3
2022-03-04 10:13:18,1.0020833333335248,0.5385416666658844,2022,3
2022-03-04 10:42:03,0.9918367346940651,0.5314285714278052,2022,3
2022-03-04 11:10:18,0.8469387755103915,0.4546938775502542,2022,3
2022-03-04 11:38:55,0.7673469387756976,0.3957142857135195,2022,3
2022-03-04 12:08:05,0.7428571428573302,0.3677551020400501,2022,3
2022-03-04 12:36:15,0.7620000000001836,0.3737999999992491,2022,3
2022-03-04 14:02:13,0.755102040816514,0.36306122448902967,2022,3
2022-03-04 14:30:05,0.7938775510205958,0.3642857142849481,2022,3
2022-03-04 14:58:18,0.80816326530631,0.36653061224413175,2022,3
2022-03-04 15:26:15,0.8163265306124324,0.3697959183665807,2022,3
2022-03-04 15:54:14,0.8346938775512078,0.3689795918359685,2022,3
2022-03-04 16:22:15,0.865306122449167,0.3683673469380093,2022,3
2022-03-04 16:50:30,0.8612244897961058,0.3691836734686215,2022,3
2022-03-04 17:18:41,0.8530612244899833,0.36551020408086643,2022,3
2022-03-04 17:46:41,0.855102040816514,0.36551020408086643,2022,3
2022-03-04 18:14:41,0.8795918367348814,0.35979591836658076,2022,3
2022-03-04 18:43:14,0.8612244897961059,0.35489795918290734,2022,3
2022-03-04 19:11:22,0.8632653061226365,0.3469387755094379,2022,3
2022-03-04 19:39:30,0.8530612244899834,0.34489795918290733,2022,3
2022-03-04 20:07:45,0.8285714285716161,0.30857142857066244,2022,3
2022-03-04 20:35:53,0.8306122448981468,0.3053061224482135,2022,3
2022-03-04 21:04:02,0.8428571428573305,0.3202040816318869,2022,3
2022-03-04 21:32:09,0.8448979591838611,0.323673469386989,2022,3
2022-03-04 22:00:17,0.8653061224491672,0.3314285714278053,2022,3
2022-03-04 22:28:20,0.8734693877552896,0.3391836734686216,2022,3
2022-03-04 22:56:28,0.8836734693879427,0.35040816326454,2022,3
2022-03-04 23:24:39,0.8918367346940651,0.3532653061216828,2022,3
2022-03-04 23:52:53,0.8897959183675345,0.3536734693869889,2022,3
2022-03-05 00:20:59,0.8877551020410038,0.34755102040739705,2022,3
2022-03-05 00:49:14,0.918367346938963,0.3610204081624991,2022,3
2022-03-05 01:17:27,0.9163265306124325,0.3555102040808665,2022,3
2022-03-05 01:45:38,0.9102040816328406,0.35714285714209093,2022,3
2022-03-05 02:13:52,0.9530612244899834,0.3593877551012746,2022,3
2022-03-05 02:42:02,0.9775510204083507,0.360816326529846,2022,3
2022-03-05 03:10:10,0.9897959183675344,0.3644897959176011,2022,3
2022-03-05 03:38:32,0.9918367346940651,0.36489795918290724,2022,3
2022-03-05 04:06:44,0.9877551020410039,0.37142857142780517,2022,3
2022-03-05 04:35:23,1.0183673469389631,0.3728571428563766,2022,3
2022-03-05 05:03:31,1.0224489795920242,0.37673469387678477,2022,3
2022-03-05 05:31:52,1.0489795918369222,0.37367346938698887,2022,3
2022-03-05 06:00:23,1.118367346938963,0.3797959183665807,2022,3
2022-03-05 06:28:33,1.1102040816328407,0.38102040816249905,2022,3
2022-03-05 06:56:56,1.1428571428573304,0.40918367346862144,2022,3
2022-03-05 07:25:13,1.1795918367348817,0.43489795918290713,2022,3
2022-03-05 07:53:31,1.1918367346940653,0.43591836734617245,2022,3
2022-03-05 08:21:56,1.2102040816328408,0.4402040816318868,2022,3
2022-03-05 08:50:13,1.214285714285902,0.43571428571351944,2022,3
2022-03-05 09:18:21,1.1816326530614123,0.4232653061216827,2022,3
2022-03-05 09:46:33,1.1795918367348817,0.4228571428563766,2022,3
2022-03-05 10:15:02,1.1755102040818204,0.4240816326522949,2022,3
2022-03-05 10:43:41,1.2081632653063101,0.43102040816249904,2022,3
2022-03-05 11:11:50,1.2061224489797795,0.434285714284948,2022,3
2022-03-05 11:40:08,1.193877551020596,0.43551020408086644,2022,3
2022-03-05 12:37:10,1.1666666666668584,0.4368749999992178,2022,3
2022-03-05 13:05:18,1.1571428571430449,0.4334693877543358,2022,3
2022-03-05 14:30:27,1.1166666666668583,0.43145833333255107,2022,3
2022-03-05 14:58:38,1.0979166666668583,0.4252083333325511,2022,3
2022-03-05 15:26:39,1.0812500000001917,0.4160416666658844,2022,3
2022-03-05 15:54:37,1.0562500000001915,0.4131249999992177,2022,3
2022-03-05 16:22:42,1.045833333333525,0.4162499999992177,2022,3
2022-03-05 16:50:39,1.0625000000001916,0.4149999999992177,2022,3
2022-03-05 17:18:40,1.0571428571430448,0.411224489795152,2022,3
2022-03-05 17:46:39,1.0755102040818203,0.41265306122372347,2022,3
2022-03-05 18:14:32,1.071428571428759,0.4102040816318867,2022,3
2022-03-05 18:42:33,1.0428571428573306,0.4130612244890295,2022,3
2022-03-05 19:10:43,1.0428571428573306,0.41489795918290706,2022,3
2022-03-05 19:38:51,1.0183673469389631,0.40428571428494786,2022,3
2022-03-05 20:07:07,1.0142857142859019,0.3965306122441315,2022,3
2022-03-05 20:35:18,0.9857142857144733,0.39448979591760086,2022,3
2022-03-05 21:03:24,0.9530612244899834,0.36448979591760083,2022,3
2022-03-05 21:31:30,0.9489795918369224,0.35387755101964163,2022,3
2022-03-05 21:59:40,0.9469387755103917,0.35795918367270285,2022,3
2022-03-05 22:28:07,0.981632653061412,0.37551020408086616,2022,3
2022-03-05 22:56:23,0.9795918367348815,0.3724489795910703,2022,3
2022-03-05 23:24:31,0.9959183673471265,0.3704081632645396,2022,3
2022-03-05 23:52:39,0.9897959183675346,0.37591836734617234,2022,3
2022-03-06 00:20:48,0.9959183673471265,0.38448979591760096,2022,3
2022-03-06 00:48:55,1.0367346938777386,0.3895918367339275,2022,3
2022-03-06 01:17:04,1.0346938775512082,0.38755102040739686,2022,3
2022-03-06 01:45:18,1.0469387755103918,0.39224489795841727,2022,3
2022-03-06 02:13:55,1.0437500000001918,0.393958333332551,2022,3
2022-03-06 02:42:07,1.0270833333335252,0.39645833333255104,2022,3
2022-03-06 03:10:17,1.014583333333525,0.4041666666658843,2022,3
2022-03-06 03:38:52,1.014583333333525,0.408333333332551,2022,3
2022-03-06 04:07:00,1.0375000000001917,0.418333333332551,2022,3
2022-03-06 04:35:07,1.0775510204083512,0.4320408163257643,2022,3
2022-03-06 05:03:16,1.0693877551022286,0.4491836734686214,2022,3
2022-03-06 05:31:27,1.130612244898147,0.48061224489719284,2022,3
2022-03-06 05:59:36,1.1530612244899836,0.5061224489788255,2022,3
2022-03-06 06:27:47,1.1428571428573306,0.5320408163257643,2022,3
2022-03-06 06:56:06,1.1897959183675346,0.5532653061216827,2022,3
2022-03-06 07:24:17,1.187755102041004,0.551020408162499,2022,3
2022-03-06 07:52:27,1.1469387755103917,0.5336734693869889,2022,3
2022-03-06 08:20:35,1.1571428571430449,0.5563265306114786,2022,3
2022-03-06 08:48:48,1.1469387755103917,0.5669387755094378,2022,3
2022-03-06 09:17:01,1.1836734693879427,0.5912244897951521,2022,3
2022-03-06 09:45:11,1.2224489795920244,0.6148979591829071,2022,3
2022-03-06 10:13:33,1.2632653061226367,0.641224489795152,2022,3
2022-03-06 10:42:20,1.3122448979593713,0.6648979591829071,2022,3
2022-03-06 11:11:08,1.361224489796106,0.7163265306114784,2022,3
2022-03-06 12:08:00,1.3875000000001914,0.7306249999992175,2022,3
2022-03-06 12:36:17,1.387755102041004,0.7308163265298457,2022,3
2022-03-06 13:04:46,1.4142857142859018,0.7371428571420907,2022,3
2022-03-06 13:33:07,1.424489795918555,0.7444897959176009,2022,3
2022-03-06 14:01:04,1.434000000000184,0.7581999999992489,2022,3
2022-03-06 14:57:43,1.4600000000001838,0.7753999999992489,2022,3
2022-03-06 15:25:56,1.4920000000001838,0.7893999999992489,2022,3
2022-03-06 15:53:50,1.5260000000001839,0.8073999999992489,2022,3
2022-03-06 16:21:50,1.5420000000001837,0.8189999999992489,2022,3
2022-03-06 16:49:49,1.5420000000001837,0.8247999999992488,2022,3
2022-03-06 17:17:48,1.566000000000184,0.847199999999249,2022,3
2022-03-06 17:45:49,1.594000000000184,0.867599999999249,2022,3
2022-03-06 18:13:50,1.604000000000184,0.8889999999992491,2022,3
2022-03-06 18:41:52,1.630000000000184,0.908399999999249,2022,3
2022-03-06 19:09:55,1.650000000000184,0.927199999999249,2022,3
2022-03-06 19:37:59,1.722000000000184,0.948399999999249,2022,3
2022-03-06 20:06:09,1.7560000000001839,0.9789999999992489,2022,3
2022-03-06 20:34:14,1.7740000000001839,0.9945999999992489,2022,3
2022-03-06 21:02:21,1.778000000000184,1.0025999999992488,2022,3
2022-03-06 21:30:32,1.788000000000184,1.008599999999249,2022,3
2022-03-06 21:58:37,1.7840000000001839,1.008999999999249,2022,3
2022-03-06 22:27:00,1.796000000000184,1.0051999999992491,2022,3
2022-03-06 22:55:08,1.7480000000001836,0.9899999999992491,2022,3
2022-03-06 23:23:15,1.8500000000001835,0.9965999999992492,2022,3
2022-03-06 23:51:21,1.8320000000001837,0.9961999999992491,2022,3
2022-03-07 00:19:27,1.840000000000184,0.9989999999992492,2022,3
2022-03-07 00:48:17,1.836000000000184,0.9883999999992491,2022,3
2022-03-07 01:16:32,1.796000000000184,0.9795999999992491,2022,3
2022-03-07 01:44:43,1.7760000000001839,0.9721999999992491,2022,3
2022-03-07 02:12:54,1.7800000000001839,0.9823999999992491,2022,3
2022-03-07 02:41:04,1.782000000000184,0.9883999999992491,2022,3
2022-03-07 03:09:15,1.7780000000001843,0.9871999999992491,2022,3
2022-03-07 03:37:27,1.7760000000001843,0.978199999999249,2022,3
2022-03-07 04:05:35,1.7780000000001843,0.9777999999992489,2022,3
2022-03-07 04:33:45,1.7520000000001843,0.965999999999249,2022,3
2022-03-07 05:02:05,1.6980000000001843,0.944599999999249,2022,3
2022-03-07 05:30:15,1.6840000000001842,0.928999999999249,2022,3
2022-03-07 05:58:48,1.6160000000001844,0.897599999999249,2022,3
2022-03-07 06:26:57,1.5680000000001846,0.8769999999992489,2022,3
2022-03-07 06:55:07,1.5140000000001848,0.8493999999992491,2022,3
2022-03-07 07:23:33,1.488000000000185,0.8273999999992491,2022,3
2022-03-07 07:52:05,1.460000000000185,0.801199999999249,2022,3
2022-03-07 08:20:17,1.462000000000185,0.794599999999249,2022,3
2022-03-07 08:48:50,1.5142857142859028,0.7738775510196418,2022,3
2022-03-07 09:17:13,1.4938775510205968,0.7520408163257642,2022,3
2022-03-07 09:45:27,1.477551020408352,0.7389795918359683,2022,3
2022-03-07 10:13:48,1.43877551020427,0.7124489795910703,2022,3
2022-03-07 10:42:22,1.391836734694066,0.6879591836727029,2022,3
2022-03-07 11:10:31,1.3820000000001849,0.6849999999992488,2022,3
2022-03-07 12:36:04,1.324489795918556,0.6238775510196417,2022,3
2022-03-07 13:04:55,1.3000000000001926,0.6187499999992175,2022,3
2022-03-07 13:33:16,1.2937500000001925,0.6149999999992176,2022,3
2022-03-07 14:01:33,1.2937500000001925,0.5983333333325509,2022,3
2022-03-07 14:29:35,1.2857142857144743,0.5959183673461723,2022,3
2022-03-07 14:57:51,1.2836734693879437,0.5932653061216825,2022,3
2022-03-07 15:25:44,1.3200000000001848,0.6069999999992488,2022,3
2022-03-07 15:54:09,1.3163265306124334,0.6140816326522948,2022,3
2022-03-07 16:22:25,1.3530612244899844,0.6379591836727029,2022,3
2022-03-07 16:50:20,1.3530612244899844,0.6463265306114784,2022,3
2022-03-07 17:18:48,1.3530612244899844,0.6487755102033151,2022,3
2022-03-07 17:46:39,1.3897959183675352,0.6738775510196415,2022,3
2022-03-07 18:14:32,1.4469387755103924,0.7008163265298456,2022,3
2022-03-07 18:42:49,1.469387755102229,0.7275510204073967,2022,3
2022-03-07 19:11:00,1.5632653061226371,0.7791836734686213,2022,3
2022-03-07 19:39:03,1.6122448979593715,0.8240816326522946,2022,3
2022-03-07 20:07:05,1.663265306122637,0.8340816326522946,2022,3
2022-03-07 20:35:32,1.7428571428573305,0.8816326530604579,2022,3
2022-03-07 21:03:51,1.793877551020596,0.9346938775502538,2022,3
2022-03-07 21:32:00,1.9408163265308,1.031836734693111,2022,3
2022-03-07 22:00:18,2.1326530612246777,1.131428571427805,2022,3
2022-03-07 22:28:25,2.263265306122637,1.2226530612237232,2022,3
2022-03-07 22:56:34,2.3510204081634534,1.2830612244890294,2022,3
2022-03-07 23:24:43,2.4142857142859024,1.369183673468621,2022,3
2022-03-07 23:52:51,2.5387755102042697,1.4442857142849477,2022,3
2022-03-08 00:21:00,2.6326530612246777,1.5128571428563762,2022,3
2022-03-08 00:49:10,2.687755102041004,1.5636734693869887,2022,3
2022-03-08 01:17:20,2.897959183673657,1.6816326530604582,2022,3
2022-03-08 01:45:31,3.1163265306124326,1.7487755102033153,2022,3
2022-03-08 02:13:44,3.2755102040818205,1.8379591836727032,2022,3
2022-03-08 02:41:49,3.3102040816328415,1.8883673469380093,2022,3
2022-03-08 03:09:56,3.495918367347127,1.9597959183665807,2022,3
2022-03-08 03:38:04,3.5632653061226374,2.0261224489788257,2022,3
2022-03-08 04:06:10,3.6918367346940664,2.1059183673461725,2022,3
2022-03-08 04:34:16,3.8020408163267194,2.157551020407397,2022,3
2022-03-08 05:02:23,4.093877551020596,2.2418367346931114,2022,3
2022-03-08 05:30:31,4.30408163265325,2.341428571427805,2022,3
2022-03-08 05:58:40,4.326000000000185,2.3567999999992493,2022,3
2022-03-08 06:26:46,4.466000000000185,2.436199999999249,2022,3
2022-03-08 06:54:56,4.620000000000185,2.494399999999249,2022,3
2022-03-08 07:23:07,4.722000000000184,2.552999999999249,2022,3
2022-03-08 07:51:21,4.840000000000185,2.624199999999249,2022,3
2022-03-08 08:19:37,4.908000000000185,2.6853999999992495,2022,3
2022-03-08 08:47:49,5.106000000000185,2.801799999999249,2022,3
2022-03-08 09:16:04,5.234000000000185,2.886799999999249,2022,3
2022-03-08 09:44:23,5.428000000000186,2.983599999999249,2022,3
2022-03-08 10:12:40,5.656000000000187,3.0895999999992494,2022,3
2022-03-08 10:40:51,5.846000000000187,3.1917999999992497,2022,3
2022-03-08 11:09:08,6.152000000000187,3.3249999999992497,2022,3
2022-03-08 11:37:32,6.254000000000187,3.40439999999925,2022,3
2022-03-08 12:06:09,6.321568627451164,3.428431372548284,2022,3
2022-03-08 13:02:45,6.42745098039234,3.512549019607108,2022,3
2022-03-08 14:27:49,6.777551020408355,3.7106122448971948,2022,3
2022-03-08 14:56:07,6.955102040816519,3.8165306122441334,2022,3
2022-03-08 15:24:10,7.181632653061418,3.9197959183665825,2022,3
2022-03-08 15:52:15,7.267346938775703,3.9995918367339294,2022,3
2022-03-08 16:20:15,7.365306122449173,4.063877551019644,2022,3
2022-03-08 16:48:21,7.426530612245092,4.110816326529847,2022,3
2022-03-08 17:16:25,7.636734693877744,4.219183673468623,2022,3
2022-03-08 17:44:32,7.693877551020602,4.268979591835969,2022,3
2022-03-08 18:12:39,7.838775510204276,4.365918367346174,2022,3
2022-03-08 18:40:48,7.840816326530807,4.38428571428495,2022,3
2022-03-08 19:08:58,7.946938775510398,4.440612244897195,2022,3
2022-03-08 19:37:29,8.061224489796112,4.487755102040052,2022,3
2022-03-08 20:05:40,8.059183673469581,4.489591836733929,2022,3
2022-03-08 20:33:50,8.079591836734886,4.51897959183597,2022,3
2022-03-08 21:02:01,8.130612244898153,4.56163265306046,2022,3
2022-03-08 21:30:09,8.142857142857336,4.550204081631889,2022,3
2022-03-08 21:58:19,8.075510204081825,4.5299999999992355,2022,3
2022-03-08 22:26:33,7.969387755102233,4.47897959183597,2022,3
2022-03-08 22:54:46,7.993877551020602,4.4355102040808685,2022,3
2022-03-08 23:22:58,8.000000000000194,4.416734693876787,2022,3
2022-03-08 23:51:09,7.900000000000194,4.350612244897196,2022,3
2022-03-09 00:19:20,7.810204081632847,4.291428571427808,2022,3
2022-03-09 00:47:32,7.716326530612438,4.217142857142093,2022,3
2022-03-09 01:15:38,7.777551020408357,4.183673469386991,2022,3
2022-03-09 01:44:03,7.581632653061418,4.072448979591073,2022,3
2022-03-09 02:12:28,7.361224489796113,4.008775510203317,2022,3
2022-03-09 02:40:36,7.214285714285909,3.923673469386991,2022,3
2022-03-09 03:08:47,7.169387755102236,3.873673469386991,2022,3
2022-03-09 03:36:55,6.995918367347134,3.8063265306114813,2022,3
2022-03-09 04:05:02,6.922448979592032,3.741224489795155,2022,3
2022-03-09 04:33:11,6.904081632653255,3.6979591836727064,2022,3
2022-03-09 05:01:19,6.848979591836929,3.679183673468625,2022,3
2022-03-09 05:29:29,6.581632653061418,3.6102040816318905,2022,3
2022-03-09 05:57:39,6.377551020408357,3.527959183672707,2022,3
2022-03-09 06:25:53,6.320408163265501,3.4855102040808696,2022,3
2022-03-09 06:54:07,6.200000000000195,3.411428571427808,2022,3
2022-03-09 07:22:18,6.071428571428767,3.361836734693114,2022,3
2022-03-09 07:50:30,5.983673469387949,3.309183673468624,2022,3
2022-03-09 08:18:50,5.88571428571448,3.2379591836727055,2022,3
2022-03-09 08:47:05,5.8346938775512145,3.184081632652297,2022,3
2022-03-09 09:15:28,5.657142857143052,3.0706122448971946,2022,3
2022-03-09 09:44:05,5.5020408163267245,2.9777551020400526,2022,3
2022-03-09 10:12:24,5.291836734694072,2.879795918366583,2022,3
2022-03-09 10:41:01,5.016666666666865,2.709583333332553,2022,3
2022-03-09 11:09:48,4.720833333333531,2.5787499999992196,2022,3
2022-03-09 11:37:59,4.637500000000198,2.4960416666658864,2022,3
2022-03-09 12:35:04,4.475000000000199,2.407083333332553,2022,3
2022-03-09 13:03:38,4.422916666666866,2.31999999999922,2022,3
2022-03-09 13:32:06,4.35306122448999,2.2820408163257664,2022,3
2022-03-09 13:59:58,4.34400000000019,2.248999999999251,2022,3
2022-03-09 14:28:19,4.2060000000001905,2.1637999999992505,2022,3
2022-03-09 14:56:20,4.050000000000191,2.060399999999251,2022,3
2022-03-09 15:24:25,3.832000000000191,1.9519999999992508,2022,3
2022-03-09 15:52:26,3.6900000000001905,1.8527999999992508,2022,3
2022-03-09 16:20:27,3.5800000000001906,1.7713999999992507,2022,3
2022-03-09 16:48:28,3.4800000000001905,1.6963999999992507,2022,3
2022-03-09 17:16:33,3.2620000000001905,1.5723999999992506,2022,3
2022-03-09 17:44:37,3.1680000000001907,1.4997999999992506,2022,3
2022-03-09 18:12:47,2.9800000000001905,1.3713999999992508,2022,3
2022-03-09 18:40:52,2.8980000000001898,1.3065999999992506,2022,3
2022-03-09 19:09:01,2.75800000000019,1.2129999999992505,2022,3
2022-03-09 19:37:09,2.7176470588237156,1.1978431372541671,2022,3
2022-03-09 20:05:20,2.4960784313727347,1.0825490196071081,2022,3
2022-03-09 20:33:29,2.4392156862746956,1.0290196078424023,2022,3
2022-03-09 21:01:40,2.3392156862746956,0.9621568627443631,2022,3
2022-03-09 21:29:51,2.1901960784315584,0.8590196078424024,2022,3
2022-03-09 21:58:02,2.127450980392343,0.8125490196071083,2022,3
2022-03-09 22:26:13,2.052941176470774,0.7429411764698535,2022,3
2022-03-09 22:54:22,1.9705882352943036,0.6972549019600496,2022,3
2022-03-09 23:22:34,1.8274509803923429,0.6601960784306378,2022,3
2022-03-09 23:50:44,1.7470588235295978,0.6233333333325985,2022,3
2022-03-10 00:18:55,1.6901960784315584,0.6029411764698536,2022,3
2022-03-10 00:47:07,1.6980392156864603,0.593137254901226,2022,3
2022-03-10 01:15:18,1.7078431372550877,0.5956862745090692,2022,3
2022-03-10 01:43:56,1.6019607843139112,0.5847058823522064,2022,3
2022-03-10 02:12:30,1.6200000000001895,0.5897999999992506,2022,3
2022-03-10 02:40:41,1.6020000000001897,0.5831999999992505,2022,3
2022-03-10 03:08:53,1.5840000000001897,0.5757999999992505,2022,3
2022-03-10 03:37:04,1.5800000000001895,0.5749999999992506,2022,3
2022-03-10 04:05:18,1.6080000000001895,0.5797999999992505,2022,3
2022-03-10 04:33:29,1.5220000000001892,0.5563999999992505,2022,3
2022-03-10 05:01:39,1.5200000000001892,0.5369999999992505,2022,3
2022-03-10 05:29:50,1.5200000000001892,0.5375999999992505,2022,3
2022-03-10 05:58:01,1.5280000000001894,0.5305999999992504,2022,3
2022-03-10 06:26:12,1.5100000000001896,0.5299999999992504,2022,3
2022-03-10 06:54:24,1.4980000000001896,0.5261999999992504,2022,3
2022-03-10 07:22:38,1.5140000000001896,0.5221999999992505,2022,3
2022-03-10 07:51:01,1.5000000000001896,0.5139999999992504,2022,3
2022-03-10 08:19:17,1.4620000000001898,0.5065999999992504,2022,3
2022-03-10 08:47:29,1.4400000000001898,0.49819999999925046,2022,3
2022-03-10 09:15:41,1.4120000000001898,0.4887999999992505,2022,3
2022-03-10 09:43:52,1.3901960784315586,0.47980392156789264,2022,3
2022-03-10 10:12:18,1.3803921568629312,0.473137254901226,2022,3
2022-03-10 11:09:48,1.3061224489797856,0.4708163265298474,2022,3
2022-03-10 11:38:14,1.2693877551022346,0.459591836733929,2022,3
2022-03-10 14:00:39,1.113043478261076,0.452826086955707,2022,3
2022-03-10 14:29:09,1.097826086956728,0.4469565217383157,2022,3
2022-03-10 14:57:42,1.071739130434989,0.4436956521730983,2022,3
2022-03-10 15:25:59,1.0413043478262933,0.4367391304339679,2022,3
2022-03-10 15:54:12,1.0543478260871628,0.4404347826078809,2022,3
2022-03-10 16:22:38,1.0543478260871628,0.4371739130426635,2022,3
2022-03-10 16:51:17,1.0456521739132498,0.4336956521730983,2022,3
2022-03-10 17:19:21,1.058695652174119,0.4339130434774461,2022,3
2022-03-10 17:47:27,1.056521739130641,0.4295652173904895,2022,3
2022-03-10 18:15:34,1.0347826086958583,0.4223913043470113,2022,3
2022-03-10 18:43:40,1.03260869565238,0.42152173912961993,2022,3
2022-03-10 19:11:55,1.0434782608697712,0.42978260869483736,2022,3
2022-03-10 19:40:25,1.0521739130436842,0.43434782608614164,2022,3
2022-03-10 20:08:38,1.0782608695654232,0.44826086956440253,2022,3
2022-03-10 20:36:48,1.0826086956523797,0.4593478260861416,2022,3
2022-03-10 21:04:59,1.1239130434784668,0.4915217391296199,2022,3
2022-03-10 21:33:07,1.176086956521945,0.5173913043470112,2022,3
2022-03-10 22:01:42,1.260869565217597,0.5771739130426634,2022,3
2022-03-10 22:29:51,1.3130434782610754,0.6167391304339678,2022,3
2022-03-10 22:57:58,1.4586956521741186,0.6745652173904896,2022,3
2022-03-10 23:26:11,1.4956521739132491,0.7095652173904895,2022,3
2022-03-10 23:54:31,1.5826086956523795,0.772608695651359,2022,3
2022-03-11 00:22:47,1.650000000000206,0.8260869565209243,2022,3
2022-03-11 00:51:07,1.708695652174119,0.8973913043470113,2022,3
2022-03-11 01:19:19,1.8130434782610754,0.97152173912962,2022,3
2022-03-11 01:47:31,1.900000000000206,1.0323913043470114,2022,3
2022-03-11 02:15:46,1.9565217391306404,1.0678260869557068,2022,3
2022-03-11 02:43:58,2.0130434782610753,1.1006521739122286,2022,3
2022-03-11 03:12:09,2.058695652174119,1.1356521739122285,2022,3
2022-03-11 03:40:35,2.0956521739132494,1.1636956521730981,2022,3
2022-03-11 04:09:04,2.176086956521945,1.2013043478252718,2022,3
2022-03-11 04:37:39,2.1782608695654235,1.2028260869557068,2022,3
2022-03-11 05:05:46,2.156521739130641,1.2078260869557067,2022,3
2022-03-11 05:33:56,2.226086956521945,1.2445652173904893,2022,3
2022-03-11 06:02:05,2.260869565217597,1.2623913043470112,2022,3
2022-03-11 06:30:16,2.258695652174119,1.2643478260861416,2022,3
2022-03-11 06:58:29,2.295652173913249,1.2923913043470114,2022,3
2022-03-11 07:26:42,2.300000000000206,1.3295652173904895,2022,3
2022-03-11 07:54:54,2.3521739130436843,1.365217391303533,2022,3
2022-03-11 08:23:07,2.4673913043480318,1.409130434781794,2022,3
2022-03-11 08:51:38,2.5152173913045535,1.4445652173904895,2022,3
2022-03-11 09:20:12,2.5717391304349886,1.4841304347817936,2022,3
2022-03-11 09:48:34,2.6369565217393363,1.5239130434774457,2022,3
2022-03-11 10:16:46,2.667391304348032,1.559999999999185,2022,3
2022-03-11 10:45:02,2.6255319148938185,1.5376595744672874,2022,3
2022-03-11 11:13:40,2.6531914893619035,1.5555319148928193,2022,3
2022-03-11 11:41:53,2.7000000000002014,1.5770212765949472,2022,3
2022-03-11 12:10:33,2.7125000000001975,1.5756249999992191,2022,3
2022-03-11 12:38:41,2.6897959183675404,1.5614285714278064,2022,3
2022-03-11 13:35:33,2.670000000000189,1.5459999999992504,2022,3
2022-03-11 14:03:45,2.6860000000001896,1.5555999999992502,2022,3
2022-03-11 14:32:17,2.6940000000001896,1.55739999999925,2022,3
2022-03-11 15:00:26,2.6860000000001896,1.5505999999992504,2022,3
2022-03-11 15:28:34,2.684000000000189,1.5477999999992502,2022,3
2022-03-11 15:56:44,2.674000000000189,1.5421999999992502,2022,3
2022-03-11 16:25:06,2.704000000000189,1.5443999999992502,2022,3
2022-03-11 16:53:21,2.8280000000001895,1.5543999999992502,2022,3
2022-03-11 17:21:33,2.8020000000001892,1.5529999999992503,2022,3
2022-03-11 17:49:38,2.856000000000189,1.5575999999992505,2022,3
2022-03-11 18:17:43,2.866000000000189,1.5629999999992503,2022,3
2022-03-11 18:45:53,2.880000000000189,1.5655999999992503,2022,3
2022-03-11 19:14:04,2.940000000000189,1.5627999999992503,2022,3
2022-03-11 19:42:45,2.9860000000001894,1.56539999999925,2022,3
2022-03-11 20:10:54,2.984000000000189,1.56459999999925,2022,3
2022-03-11 20:39:04,2.9220000000001884,1.54019999999925,2022,3
2022-03-11 21:07:15,2.9060000000001884,1.51579999999925,2022,3
2022-03-11 21:35:44,2.8640000000001886,1.48739999999925,2022,3
2022-03-11 22:03:55,2.7780000000001888,1.42279999999925,2022,3
2022-03-11 22:32:20,2.7340000000001883,1.3859999999992498,2022,3
2022-03-11 23:01:02,2.626000000000189,1.33279999999925,2022,3
2022-03-11 23:29:14,2.598000000000189,1.29179999999925,2022,3
2022-03-11 23:57:39,2.5040000000001887,1.22299999999925,2022,3
2022-03-12 00:25:53,2.4240000000001887,1.1621999999992498,2022,3
2022-03-12 00:54:02,2.3400000000001886,1.08879999999925,2022,3
2022-03-12 01:22:11,2.2560000000001885,1.0151999999992498,2022,3
2022-03-12 01:51:05,2.1760000000001885,0.95919999999925,2022,3
2022-03-12 02:19:15,2.116000000000189,0.9181999999992498,2022,3
2022-03-12 02:47:29,2.0540000000001886,0.8781999999992499,2022,3
2022-03-12 03:15:47,2.0240000000001888,0.8457999999992499,2022,3
2022-03-12 03:44:30,1.9760000000001887,0.8089999999992499,2022,3
2022-03-12 04:12:47,1.8700000000001886,0.7625999999992499,2022,3
2022-03-12 04:40:54,1.8400000000001888,0.7433999999992499,2022,3
2022-03-12 05:09:14,1.8040000000001888,0.7189999999992499,2022,3
2022-03-12 05:37:24,1.7220000000001887,0.6717999999992499,2022,3
2022-03-12 06:05:34,1.6680000000001884,0.6433999999992498,2022,3
2022-03-12 06:34:19,1.6420000000001886,0.6247999999992498,2022,3
2022-03-12 07:02:33,1.5980000000001888,0.5929999999992499,2022,3
2022-03-12 07:30:47,1.5440000000001888,0.5459999999992499,2022,3
2022-03-12 07:58:59,1.4900000000001887,0.5095999999992498,2022,3
2022-03-12 08:27:12,1.3820000000001886,0.46899999999924985,2022,3
2022-03-12 08:56:06,1.3400000000001884,0.4359999999992499,2022,3
2022-03-12 09:24:36,1.3020000000001883,0.40899999999924996,2022,3
2022-03-12 09:53:14,1.2440000000001883,0.37459999999925,2022,3
2022-03-12 10:21:26,1.1760000000001885,0.34119999999924994,2022,3
2022-03-12 10:49:39,1.1720000000001882,0.33399999999924984,2022,3
2022-03-12 11:18:29,1.2080000000001885,0.3263999999992499,2022,3
2022-03-12 11:46:57,1.2080000000001885,0.31159999999924987,2022,3
2022-03-12 12:15:05,1.1540000000001884,0.2851999999992499,2022,3
2022-03-12 13:11:58,1.1320000000001884,0.27299999999924984,2022,3
2022-03-12 13:40:28,1.1220000000001884,0.26219999999924987,2022,3
2022-03-12 14:08:36,1.1120000000001884,0.2513999999992499,2022,3
2022-03-12 14:37:13,1.1420000000001884,0.25459999999924987,2022,3
2022-03-12 15:05:19,1.1660000000001884,0.25719999999924986,2022,3
2022-03-12 15:34:03,1.1860000000001885,0.25799999999924983,2022,3
2022-03-12 16:02:36,1.1840000000001885,0.2565999999992499,2022,3
2022-03-12 16:30:27,1.1780000000001885,0.25279999999924985,2022,3
2022-03-12 16:58:55,1.0620000000001886,0.24479999999924984,2022,3
2022-03-12 17:26:50,1.0660000000001886,0.24259999999924986,2022,3
2022-03-12 17:55:00,1.0140000000001885,0.23959999999924986,2022,3
2022-03-12 18:23:22,1.0200000000001885,0.23919999999924987,2022,3
2022-03-12 18:51:31,1.0700000000001884,0.2349999999992499,2022,3
2022-03-12 19:19:42,0.9880000000001884,0.22539999999924987,2022,3
2022-03-12 19:47:50,0.9520000000001885,0.2195999999992499,2022,3
2022-03-12 20:16:00,0.9700000000001885,0.21539999999924986,2022,3
2022-03-12 20:44:11,0.9880000000001884,0.21799999999924985,2022,3
2022-03-12 21:12:32,0.9800000000001884,0.21579999999924987,2022,3
2022-03-12 21:40:34,0.9680000000001884,0.2147999999992499,2022,3
2022-03-12 22:09:03,1.0080000000001883,0.2273999999992499,2022,3
2022-03-12 22:37:13,0.9940000000001884,0.2227999999992499,2022,3
2022-03-12 23:05:36,0.9920000000001885,0.2251999999992499,2022,3
2022-03-12 23:34:23,0.9740000000001885,0.22479999999924988,2022,3
2022-03-13 00:02:41,1.0180000000001885,0.2663999999992499,2022,3
2022-03-13 00:31:30,1.0640000000001886,0.2683999999992499,2022,3
2022-03-13 00:59:43,1.0520000000001886,0.26739999999924985,2022,3
2022-03-13 01:28:01,1.0300000000001888,0.2665999999992498,2022,3
2022-03-13 01:56:10,1.0400000000001888,0.2655999999992499,2022,3
2022-03-13 02:24:23,1.0640000000001886,0.2679999999992499,2022,3
2022-03-13 02:52:35,1.0660000000001886,0.27279999999924986,2022,3
2022-03-13 03:20:43,1.0620000000001886,0.27479999999924987,2022,3
2022-03-13 03:49:00,1.0700000000001886,0.2809999999992499,2022,3
2022-03-13 04:17:11,1.0840000000001886,0.2855999999992499,2022,3
2022-03-13 04:45:20,1.1300000000001884,0.2905999999992499,2022,3
2022-03-13 05:13:30,1.2080000000001885,0.3047999999992499,2022,3
2022-03-13 05:41:45,1.2240000000001883,0.30999999999924993,2022,3
2022-03-13 06:10:09,1.2660000000001883,0.31939999999924995,2022,3
2022-03-13 06:38:20,1.3040000000001886,0.3305999999992499,2022,3
2022-03-13 07:06:50,1.3240000000001886,0.3383999999992499,2022,3
2022-03-13 07:35:03,1.4040000000001884,0.3555999999992499,2022,3
2022-03-13 08:03:21,1.5040000000001885,0.36719999999924985,2022,3
2022-03-13 08:32:10,1.5600000000001883,0.37939999999924984,2022,3
2022-03-13 09:00:24,1.6060000000001884,0.3901999999992498,2022,3
2022-03-13 09:29:15,1.7080000000001885,0.3953999999992498,2022,3
2022-03-13 09:57:27,1.7040000000001885,0.3963999999992498,2022,3
2022-03-13 10:25:48,1.7300000000001885,0.4013999999992498,2022,3
2022-03-13 11:22:48,1.6897959183675395,0.3991836734686223,2022,3
2022-03-13 11:50:54,1.6714285714287638,0.40102040816249984,2022,3
2022-03-13 12:48:03,1.7632653061226413,0.40469387755025493,2022,3
2022-03-13 13:16:33,1.7714285714287639,0.40836734693801,2022,3
2022-03-13 14:14:00,1.7750000000001966,0.40999999999921855,2022,3
2022-03-13 14:42:04,1.76458333333353,0.4104166666658852,2022,3
2022-03-13 15:10:09,1.8125000000001965,0.41999999999921855,2022,3
2022-03-13 15:38:13,1.8250000000001965,0.4224999999992185,2022,3
2022-03-13 16:06:05,1.8250000000001965,0.4237499999992185,2022,3
2022-03-13 16:34:00,1.7770833333335299,0.42124999999921847,2022,3
2022-03-13 17:01:50,1.7729166666668632,0.4247916666658851,2022,3
2022-03-13 17:30:13,1.7750000000001964,0.4304166666658851,2022,3
2022-03-13 17:58:18,1.791666666666863,0.4410416666658851,2022,3
2022-03-13 18:26:32,1.7770833333335296,0.4356249999992184,2022,3
2022-03-13 18:54:38,1.716666666666863,0.44645833333255175,2022,3
2022-03-13 19:22:45,1.7625000000001962,0.45937499999921844,2022,3
2022-03-13 19:50:55,1.7833333333335295,0.48104166666588516,2022,3
2022-03-13 20:19:18,1.7458333333335296,0.47541666666588517,2022,3
2022-03-13 20:47:27,1.7270833333335298,0.4685416666658852,2022,3
2022-03-13 21:15:32,1.7437500000001964,0.4897916666658852,2022,3
2022-03-13 21:43:54,1.7791666666668629,0.5108333333325519,2022,3
2022-03-13 22:12:05,1.7416666666668628,0.5045833333325519,2022,3
2022-03-13 22:40:36,1.7645833333335295,0.5231249999992186,2022,3
2022-03-13 23:08:44,1.7479166666668629,0.5222916666658853,2022,3
2022-03-13 23:36:53,1.743750000000196,0.522083333332552,2022,3
2022-03-14 00:05:09,1.706250000000196,0.4818749999992186,2022,3
2022-03-14 00:33:42,1.6604166666668627,0.482083333332552,2022,3
2022-03-14 01:01:54,1.6729166666668627,0.48562499999921865,2022,3
2022-03-14 01:30:06,1.6854166666668624,0.5010416666658853,2022,3
2022-03-14 01:58:20,1.6750000000001959,0.49916666666588533,2022,3
2022-03-14 02:26:47,1.687500000000196,0.4974999999992186,2022,3
2022-03-14 02:54:56,1.6979166666668626,0.5072916666658853,2022,3
2022-03-14 03:23:05,1.7104166666668625,0.503958333332552,2022,3
2022-03-14 03:51:13,1.7041666666668627,0.4972916666658853,2022,3
2022-03-14 04:19:19,1.6916666666668625,0.49708333333255195,2022,3
2022-03-14 04:47:30,1.645833333333529,0.49604166666588534,2022,3
2022-03-14 05:15:38,1.577083333333529,0.4866666666658854,2022,3
2022-03-14 05:43:52,1.5625000000001956,0.48874999999921864,2022,3
2022-03-14 06:11:59,1.5166666666668622,0.4785416666658853,2022,3
2022-03-14 06:40:07,1.477083333333529,0.4679166666658854,2022,3
2022-03-14 07:08:17,1.4604166666668619,0.4687499999992187,2022,3
2022-03-14 07:36:39,1.4083333333335286,0.4770833333325521,2022,3
2022-03-14 08:05:06,1.3270833333335286,0.4791666666658854,2022,3
2022-03-14 08:33:38,1.2895833333335285,0.48104166666588544,2022,3
2022-03-14 09:02:15,1.268750000000195,0.48583333333255213,2022,3
2022-03-14 09:30:25,1.1875000000001952,0.4912499999992188,2022,3
2022-03-14 09:58:37,1.2145833333335283,0.5052083333325521,2022,3
2022-03-14 10:26:59,1.2708333333335282,0.5083333333325522,2022,3
2022-03-14 10:55:36,1.2714285714287623,0.5038775510196429,2022,3
2022-03-14 11:24:19,1.3122448979593748,0.5042857142849491,2022,3
2022-03-14 12:21:43,1.2918367346940687,0.4999999999992347,2022,3
2022-03-14 12:49:49,1.1938775510205992,0.49346938775433674,2022,3
2022-03-14 13:46:36,1.1877551020410073,0.4893877551012755,2022,3
2022-03-14 14:14:57,1.1816326530614156,0.48775510204005107,2022,3
2022-03-14 14:43:26,1.1612244897961095,0.48122448979515314,2022,3
2022-03-14 15:11:37,1.1204081632654972,0.47306122448903065,2022,3
2022-03-14 15:40:05,1.089795918367538,0.4714285714278062,2022,3
2022-03-14 16:08:31,1.0918367346940685,0.4704081632645409,2022,3
2022-03-14 16:36:34,1.1448979591838644,0.4720408163257654,2022,3
2022-03-14 17:04:29,1.136734693877742,0.46673469387678584,2022,3
2022-03-14 17:32:29,1.1673469387757012,0.4626530612237246,2022,3
2022-03-14 18:00:15,1.146938775510395,0.4510204081625001,2022,3
2022-03-14 18:28:05,1.1571428571430482,0.4534693877543369,2022,3
2022-03-14 18:56:01,1.210204081632844,0.4708163265298471,2022,3
2022-03-14 19:23:59,1.216326530612436,0.4979591836727042,2022,3
2022-03-14 19:52:17,1.226530612245089,0.5024489795910716,2022,3
2022-03-14 20:20:23,1.2857142857144768,0.5230612244890307,2022,3
2022-03-14 20:48:28,1.3285714285716195,0.5516326530604593,2022,3
2022-03-14 21:17:02,1.3938775510205992,0.5946938775502552,2022,3
2022-03-14 21:45:14,1.5183673469389667,0.6608163265298471,2022,3
2022-03-14 22:13:38,1.6367346938777423,0.6983673469380103,2022,3
2022-03-14 22:41:50,1.6979591836736605,0.7457142857135205,2022,3
2022-03-14 23:10:05,1.76326530612264,0.7763265306114797,2022,3
2022-03-14 23:38:20,1.8061224489797827,0.8061224489788265,2022,3
2022-03-15 00:06:34,1.8122448979593744,0.8222448979584183,2022,3
2022-03-15 00:35:02,1.8591836734695786,0.8483673469380102,2022,3
2022-03-15 01:03:54,1.9081632653063132,0.8828571428563775,2022,3
2022-03-15 01:32:15,1.9387755102042725,0.9089795918359693,2022,3
2022-03-15 02:00:31,1.993877551020599,0.9334693877543366,2022,3
2022-03-15 02:28:52,1.9816326530614152,0.9612244897951528,2022,3
2022-03-15 02:57:01,2.046938775510395,0.9853061224482141,2022,3
2022-03-15 03:25:07,2.061224489796109,1.0077551020400508,2022,3
2022-03-15 03:53:23,2.093877551020599,1.0363265306114795,2022,3
2022-03-15 04:21:36,2.1387755102042725,1.062040816325765,2022,3
2022-03-15 04:49:57,2.2448979591838643,1.1024489795910712,2022,3
2022-03-15 05:18:08,2.3224489795920276,1.134489795917602,2022,3
2022-03-15 05:46:18,2.3959183673471296,1.1767346938767855,2022,3
2022-03-15 06:14:27,2.422448979592027,1.2053061224482142,2022,3
2022-03-15 06:42:34,2.5163265306124356,1.2520408163257652,2022,3
2022-03-15 07:10:42,2.5816326530614155,1.2936734693869896,2022,3
2022-03-15 07:39:04,2.6857142857144765,1.3230612244890305,2022,3
2022-03-15 08:07:24,2.73265306122468,1.3461224489788264,2022,3
2022-03-15 08:35:41,2.7530612244899864,1.357755102040051,2022,3
2022-03-15 09:04:10,2.7653061224491697,1.3726530612237244,2022,3
2022-03-15 09:32:37,2.851020408163455,1.3810204081625,2022,3
2022-03-15 10:00:53,2.8857142857144753,1.3963265306114796,2022,3
2022-03-15 10:29:31,2.8959183673471287,1.4302040816318877,2022,3
2022-03-15 10:58:05,2.897959183673659,1.4461224489788262,2022,3
2022-03-15 11:26:29,3.0469387755103936,1.568571428570663,2022,3
2022-03-15 12:23:54,3.118367346938965,1.5938775510196423,2022,3
2022-03-15 12:52:13,3.159183673469577,1.6079591836727036,2022,3
2022-03-15 13:20:35,3.1280000000001853,1.5913999999992496,2022,3
2022-03-15 13:48:37,3.1640000000001858,1.6037999999992496,2022,3
2022-03-15 14:16:58,3.1960000000001854,1.6225999999992498,2022,3
2022-03-15 14:45:35,3.2260000000001856,1.63659999999925,2022,3
2022-03-15 15:13:37,3.230000000000186,1.6551999999992497,2022,3
2022-03-15 15:41:57,3.252000000000186,1.67319999999925,2022,3
2022-03-15 16:09:57,3.2820000000001857,1.6989999999992498,2022,3
2022-03-15 16:37:56,3.258000000000186,1.7197999999992495,2022,3
2022-03-15 17:06:02,3.326000000000186,1.7595999999992495,2022,3
2022-03-15 17:34:02,3.398000000000186,1.7933999999992494,2022,3
2022-03-15 18:02:42,3.476000000000186,1.8313999999992496,2022,3
2022-03-15 18:31:22,3.5720000000001857,1.8701999999992496,2022,3
2022-03-15 18:59:30,3.5600000000001857,1.8819999999992496,2022,3
2022-03-15 19:27:46,3.6060000000001855,1.8959999999992494,2022,3
2022-03-15 19:55:52,3.7220000000001856,1.9483999999992494,2022,3
2022-03-15 20:24:01,3.768000000000186,1.9897999999992495,2022,3
2022-03-15 20:52:12,3.778000000000186,2.0107999999992496,2022,3
2022-03-15 21:20:47,3.768000000000186,2.0005999999992494,2022,3
2022-03-15 21:48:56,3.7240000000001863,1.9773999999992495,2022,3
2022-03-15 22:17:04,3.7020000000001856,1.9997999999992495,2022,3
2022-03-15 22:45:36,3.748000000000186,2.0033999999992496,2022,3
2022-03-15 23:14:15,3.834000000000186,2.0489999999992494,2022,3
2022-03-15 23:43:01,3.862000000000186,2.0739999999992493,2022,3
2022-03-16 00:11:13,3.9200000000001864,2.1157999999992496,2022,3
2022-03-16 00:39:22,4.004000000000187,2.1823999999992494,2022,3
2022-03-16 01:07:32,4.050000000000187,2.2329999999992496,2022,3
2022-03-16 01:35:42,4.160000000000187,2.3157999999992493,2022,3
2022-03-16 02:03:51,4.310000000000187,2.378199999999249,2022,3
2022-03-16 02:32:02,4.4360000000001865,2.441999999999249,2022,3
2022-03-16 03:00:16,4.536000000000187,2.493199999999249,2022,3
2022-03-16 03:28:25,4.688000000000186,2.608599999999249,2022,3
2022-03-16 03:56:37,4.864000000000186,2.7181999999992494,2022,3
2022-03-16 04:24:48,4.958000000000186,2.78079999999925,2022,3
2022-03-16 04:52:55,5.048000000000186,2.8739999999992505,2022,3
2022-03-16 05:21:06,5.340000000000186,3.07499999999925,2022,3
2022-03-16 05:49:38,5.584000000000186,3.1729999999992504,2022,3
2022-03-16 06:17:54,5.880000000000186,3.2891999999992505,2022,3
2022-03-16 06:46:33,6.070000000000187,3.3877999999992507,2022,3
2022-03-16 07:14:44,6.310000000000186,3.4931999999992502,2022,3
2022-03-16 07:42:56,6.426000000000187,3.59079999999925,2022,3
2022-03-16 08:11:10,6.804000000000186,3.74459999999925,2022,3
2022-03-16 08:39:24,7.132000000000186,3.89039999999925,2022,3
2022-03-16 09:07:33,7.400000000000187,4.01499999999925,2022,3
2022-03-16 09:35:42,7.542000000000187,4.12739999999925,2022,3
2022-03-16 10:04:10,7.728000000000187,4.2167999999992505,2022,3
2022-03-16 10:32:24,7.796000000000188,4.271199999999251,2022,3
2022-03-16 11:00:56,7.888000000000188,4.330999999999251,2022,3
2022-03-16 11:57:57,7.7560000000001885,4.26179999999925,2022,3
2022-03-16 12:26:32,7.754000000000189,4.2811999999992505,2022,3
2022-03-16 12:54:53,7.790000000000188,4.3249999999992506,2022,3
2022-03-16 13:52:10,8.040816326530805,4.442040816325766,2022,3
2022-03-16 14:20:47,8.1204081632655,4.477346938774746,2022,3
2022-03-16 14:49:41,8.197959183673662,4.519999999999236,2022,3
2022-03-16 15:17:51,8.232653061224685,4.5483673469380115,2022,3
2022-03-16 15:46:02,8.320408163265501,4.592040816325767,2022,3
2022-03-16 16:14:15,8.373469387755296,4.612857142856379,2022,3
2022-03-16 16:42:30,8.410204081632846,4.635306122448216,2022,3
2022-03-16 17:11:10,8.397959183673663,4.635306122448216,2022,3
2022-03-16 17:39:25,8.312244897959378,4.611428571427807,2022,3
2022-03-16 18:07:34,8.236734693877745,4.5732653061216855,2022,3
2022-03-16 18:35:42,8.118367346938967,4.527142857142094,2022,3
2022-03-16 19:03:50,8.063265306122641,4.482653061223726,2022,3
2022-03-16 19:31:59,7.965306122449173,4.427959183672705,2022,3
2022-03-16 20:00:17,7.79183673469407,4.3442857142849505,2022,3
2022-03-16 20:28:24,7.691836734694071,4.277959183672706,2022,3
2022-03-16 20:56:32,7.630612244898153,4.227959183672706,2022,3
2022-03-16 21:24:55,7.569387755102234,4.180612244897195,2022,3
2022-03-16 21:53:15,7.461224489796112,4.119183673468624,2022,3
2022-03-16 22:21:38,7.371428571428765,4.063265306121685,2022,3
2022-03-16 22:50:04,7.2428571428573365,3.996326530611481,2022,3
2022-03-16 23:18:18,7.085714285714479,3.917346938774746,2022,3
2022-03-16 23:46:25,7.012244897959377,3.863061224489032,2022,3
2022-03-17 00:15:00,6.940816326530805,3.804897959182909,2022,3
2022-03-17 00:43:10,6.814285714285908,3.712653061223725,2022,3
2022-03-17 01:11:26,6.708163265306316,3.6283673469380107,2022,3
2022-03-17 01:39:36,6.546938775510397,3.50163265306046,2022,3
2022-03-17 02:07:45,6.397959183673662,3.41897959183597,2022,3
2022-03-17 02:36:26,6.251020408163457,3.3334693877543375,2022,3
2022-03-17 03:04:35,6.083673469387947,3.25428571428495,2022,3
2022-03-17 03:32:42,6.0265306122450895,3.1820408163257663,2022,3
2022-03-17 04:01:12,5.832653061224682,3.051836734693113,2022,3
2022-03-17 04:29:19,5.722448979592029,2.977142857142092,2022,3
2022-03-17 04:57:25,5.536734693877743,2.8489795918359695,2022,3
2022-03-17 05:25:52,5.165306122449172,2.6130612244890306,2022,3
2022-03-17 05:53:59,4.848979591836927,2.4689795918359696,2022,3
2022-03-17 06:22:08,4.532653061224682,2.3279591836727045,2022,3
2022-03-17 06:50:17,4.275510204081825,2.189795918366582,2022,3
2022-03-17 07:18:53,3.973469387755294,2.0410204081625003,2022,3
2022-03-17 07:47:08,3.8163265306124368,1.9087755102033166,2022,3
2022-03-17 08:15:25,3.373469387755294,1.7271428571420924,2022,3
2022-03-17 08:44:13,3.006122448979784,1.555510204080868,2022,3
2022-03-17 09:12:32,2.7040816326532537,1.4014285714278067,2022,3
2022-03-17 09:41:00,2.475510204081825,1.265306122448215,2022,3
2022-03-17 10:09:12,2.22448979591856,1.142244897958419,2022,3
2022-03-17 10:37:22,2.0591836734695805,1.0442857142849498,2022,3
2022-03-17 11:05:53,1.9693877551022334,0.9646938775502557,2022,3
2022-03-17 11:34:13,1.9400000000001887,0.9451999999992506,2022,3
2022-03-17 12:02:40,1.8820000000001889,0.8893999999992507,2022,3
2022-03-17 12:30:53,1.8120000000001888,0.8447999999992506,2022,3
2022-03-17 12:59:25,1.7340000000001892,0.7859999999992506,2022,3
2022-03-17 13:27:39,1.7274509803923424,0.7747058823522065,2022,3
2022-03-17 13:56:16,1.586274509804107,0.7184313725482848,2022,3
2022-03-17 14:24:28,1.49803921568646,0.6680392156855397,2022,3
2022-03-17 14:52:48,1.394117647059009,0.6186274509796574,2022,3
2022-03-17 15:20:38,1.3352941176472444,0.5707843137247554,2022,3
2022-03-17 15:48:23,1.2666666666668522,0.5182352941169123,2022,3
2022-03-17 16:16:21,1.1843137254903817,0.4715686274502455,2022,3
2022-03-17 16:44:22,1.2000000000001856,0.43352941176397103,2022,3
2022-03-17 17:12:46,1.2235294117648914,0.39843137254828476,2022,3
2022-03-17 17:40:52,1.2568627450982246,0.3909803921561279,2022,3
2022-03-17 18:09:02,1.2725490196080285,0.3937254901953436,2022,3
2022-03-17 18:37:27,1.301960784313911,0.39882352941102994,2022,3
2022-03-17 19:05:37,1.3215686274511658,0.40941176470514756,2022,3
2022-03-17 19:33:47,1.3274509803923422,0.4115686274502456,2022,3
2022-03-17 20:01:55,1.41960784313744,0.42137254901887305,2022,3
2022-03-17 20:30:06,1.4960784313727342,0.42980392156789266,2022,3
2022-03-17 20:58:23,1.554901960784499,0.43960784313652007,2022,3
2022-03-17 21:26:34,1.55882352941195,0.439215686273775,2022,3
2022-03-17 21:54:41,1.554901960784499,0.43960784313652007,2022,3
2022-03-17 22:23:22,1.662745098039401,0.4870588235286769,2022,3
2022-03-17 22:51:30,1.6960784313727344,0.4943137254894612,2022,3
2022-03-17 23:19:55,1.7274509803923421,0.5029411764698534,2022,3
2022-03-17 23:48:02,1.7568627450982244,0.5174509803914219,2022,3
2022-03-18 00:16:11,1.7745098039217537,0.5298039215678925,2022,3
2022-03-18 00:44:19,1.7862745098041068,0.543921568626716,2022,3
2022-03-18 01:12:47,1.862745098039401,0.5501960784306376,2022,3
2022-03-18 01:40:54,1.9686274509805772,0.5705882352933827,2022,3
2022-03-18 02:09:11,1.907843137255087,0.5696078431365199,2022,3
2022-03-18 02:37:19,1.9196078431374397,0.5727450980384807,2022,3
2022-03-18 03:05:26,1.964705882353126,0.5827450980384806,2022,3
2022-03-18 03:34:04,1.8745098039217536,0.5315686274502454,2022,3
2022-03-18 04:02:14,1.8764705882354793,0.5378431372541669,2022,3
2022-03-18 04:30:22,1.91960784313744,0.5396078431365199,2022,3
2022-03-18 04:58:31,1.9509803921570477,0.5488235294110296,2022,3
2022-03-18 05:26:55,1.9823529411766554,0.5621568627443629,2022,3
2022-03-18 05:55:21,2.000000000000185,0.5750980392149512,2022,3
2022-03-18 06:23:37,2.0490196078433223,0.6009803921561276,2022,3
2022-03-18 06:51:48,2.090196078431558,0.6207843137247551,2022,3
2022-03-18 07:20:00,2.131372549019793,0.6409803921561277,2022,3
2022-03-18 07:48:12,2.0647058823531266,0.6390196078424021,2022,3
2022-03-18 08:16:26,2.090196078431558,0.6456862745090687,2022,3
2022-03-18 08:44:45,2.1137254901962637,0.6621568627443629,2022,3
2022-03-18 09:12:55,2.1490196078433224,0.690784313724755,2022,3
2022-03-18 09:41:44,2.1529411764707733,0.7211764705875001,2022,3
2022-03-18 10:38:30,2.2380000000001887,0.7557999999992501,2022,3
2022-03-18 11:07:11,2.2860000000001888,0.7751999999992502,2022,3
2022-03-18 11:36:08,2.3140000000001892,0.7903999999992501,2022,3
2022-03-18 12:04:45,2.350000000000189,0.8001999999992502,2022,3
2022-03-18 12:33:35,2.3680000000001886,0.8103999999992503,2022,3
2022-03-18 13:01:27,2.458000000000189,0.8227999999992502,2022,3
2022-03-18 13:29:40,2.5040000000001887,0.8449999999992502,2022,3
2022-03-18 13:58:24,2.5240000000001888,0.8487999999992504,2022,3
2022-03-18 14:26:28,2.522000000000189,0.8575999999992503,2022,3
2022-03-18 14:54:28,2.522000000000189,0.8559999999992501,2022,3
2022-03-18 15:23:35,2.540000000000189,0.8593999999992502,2022,3
2022-03-18 15:51:41,2.520000000000189,0.8643999999992502,2022,3
2022-03-18 16:19:43,2.538000000000189,0.8767999999992502,2022,3
2022-03-18 16:47:50,2.4640000000001887,0.8787999999992502,2022,3
2022-03-18 17:16:21,2.4040000000001887,0.8847999999992502,2022,3
2022-03-18 17:44:17,2.3720000000001886,0.8845999999992502,2022,3
2022-03-18 18:12:07,2.3920000000001886,0.9075999999992501,2022,3
2022-03-18 18:39:57,2.374000000000189,0.9091999999992502,2022,3
2022-03-18 19:08:07,2.3960000000001886,0.9151999999992502,2022,3
2022-03-18 19:36:08,2.5480000000001883,1.02339999999925,2022,3
2022-03-18 20:04:10,2.5180000000001885,1.04099999999925,2022,3
2022-03-18 20:32:14,2.4780000000001885,1.0493999999992498,2022,3
2022-03-18 21:00:21,2.4580000000001885,1.06639999999925,2022,3
2022-03-18 21:29:05,2.4960000000001883,1.09539999999925,2022,3
2022-03-18 21:57:44,2.5460000000001886,1.12279999999925,2022,3
2022-03-18 22:26:04,2.5220000000001885,1.0959999999992498,2022,3
2022-03-18 22:54:13,2.4920000000001883,1.08439999999925,2022,3
2022-03-18 23:22:22,2.4800000000001883,1.09459999999925,2022,3
2022-03-18 23:50:32,2.4580000000001885,1.0871999999992499,2022,3
